{
  "destinations": [
    { "code": "BCN", "name": "Barcelona", "country": "Spain", "region": "Europe" },
    { "code": "CDG", "name": "Paris", "country": "France", "region": "Europe" },
    { "code": "DXB", "name": "Dubai", "country": "United Arab Emirates", "region": "Middle East" },
    { "code": "IST", "name": "Istanbul", "country": "Turkey", "region": "Europe" },
    { "code": "ATH", "name": "Athens", "country": "Greece", "region": "Europe" },
    { "code": "MRU", "name": "Mauritius", "country": "Mauritius", "region": "Indian Ocean" },
    { "code": "MXP", "name": "Milan", "country": "Italy", "region": "Europe" },
    { "code": "VCE", "name": "Venice", "country": "Italy", "region": "Europe" },
    { "code": "JTR", "name": "Santorini", "country": "Greece", "region": "Europe" },
    { "code": "PRG", "name": "Prague", "country": "Czech Republic", "region": "Europe" },
    { "code": "SEZ", "name": "Seychelles", "country": "Seychelles", "region": "Indian Ocean" },
    { "code": "CFU", "name": "Corfu", "country": "Greece", "region": "Europe" },
    { "code": "MLE", "name": "Maldives", "country": "Maldives", "region": "Indian Ocean" },
    { "code": "HKT", "name": "Phuket", "country": "Thailand", "region": "Asia" },
    { "code": "DPS", "name": "Bali", "country": "Indonesia", "region": "Asia" },
    { "code": "SIN", "name": "Singapore", "country": "Singapore", "region": "Asia" },
    { "code": "HKG", "name": "Hong Kong", "country": "Hong Kong", "region": "Asia" },
    { "code": "TYO", "name": "Tokyo", "country": "Japan", "region": "Asia" },
    { "code": "JFK", "name": "New York", "country": "United States", "region": "North America" },
    { "code": "LAX", "name": "Los Angeles", "country": "United States", "region": "North America" },
    { "code": "MIA", "name": "Miami", "country": "United States", "region": "North America" },
    { "code": "CUN", "name": "Cancun", "country": "Mexico", "region": "North America" },
    { "code": "AMS", "name": "Amsterdam", "country": "Netherlands", "region": "Europe" },
    { "code": "MAD", "name": "Madrid", "country": "Spain", "region": "Europe" },
    { "code": "FCO", "name": "Rome", "country": "Italy", "region": "Europe" },
    { "code": "LIS", "name": "Lisbon", "country": "Portugal", "region": "Europe" },
    { "code": "VIE", "name": "Vienna", "country": "Austria", "region": "Europe" },
    { "code": "ZRH", "name": "Zurich", "country": "Switzerland", "region": "Europe" },
    { "code": "DUB", "name": "Dublin", "country": "Ireland", "region": "Europe" },
    { "code": "CPT", "name": "Cape Town", "country": "South Africa", "region": "Africa" },
    { "code": "NBO", "name": "Nairobi", "country": "Kenya", "region": "Africa" },
    { "code": "CMB", "name": "Sri Lanka", "country": "Sri Lanka", "region": "Asia" },
    { "code": "GIG", "name": "Rio de Janeiro", "country": "Brazil", "region": "South America" },
    { "code": "BOG", "name": "Bogota", "country": "Colombia", "region": "South America" },
    { "code": "HNL", "name": "Hawaii", "country": "United States", "region": "Pacific" },
    { "code": "FJI", "name": "Fiji", "country": "Fiji", "region": "Pacific" },
    { "code": "PPT", "name": "Tahiti", "country": "French Polynesia", "region": "Pacific" },
    { "code": "SYD", "name": "Sydney", "country": "Australia", "region": "Oceania" },
    { "code": "MEL", "name": "Melbourne", "country": "Australia", "region": "Oceania" },
    { "code": "KEF", "name": "Iceland", "country": "Iceland", "region": "Europe" },
    { "code": "RAK", "name": "Marrakech", "country": "Morocco", "region": "Africa" },
    { "code": "RHO", "name": "Rhodes", "country": "Greece", "region": "Europe" },
    { "code": "HER", "name": "Crete", "country": "Greece", "region": "Europe" },
    { "code": "PMI", "name": "Mallorca", "country": "Spain", "region": "Europe" },
    { "code": "IBZ", "name": "Ibiza", "country": "Spain", "region": "Europe" },
    { "code": "TFS", "name": "Tenerife", "country": "Spain", "region": "Europe" },
    { "code": "BKK", "name": "Bangkok & Phuket", "country": "Thailand", "region": "Asia" },
    { "code": "LHR", "name": "London", "country": "United Kingdom", "region": "Europe" },
    { "code": "CAI", "name": "Cairo & Luxor", "country": "Egypt", "region": "Africa" },
    { "code": "AUH", "name": "Abu Dhabi", "country": "United Arab Emirates", "region": "Middle East" },
    { "code": "KIX", "name": "Kyoto", "country": "Japan", "region": "Asia" },
    { "code": "ICN", "name": "Seoul", "country": "South Korea", "region": "Asia" },
    { "code": "KUL", "name": "Kuala Lumpur", "country": "Malaysia", "region": "Asia" },
    { "code": "SGN", "name": "Vietnam Explorer", "country": "Vietnam", "region": "Asia" },
    { "code": "FLR", "name": "Florence", "country": "Italy", "region": "Europe" },
    { "code": "EDI", "name": "Edinburgh", "country": "United Kingdom", "region": "Europe" },
    { "code": "BUD", "name": "Budapest", "country": "Hungary", "region": "Europe" },
    { "code": "NCE", "name": "Nice & French Riviera", "country": "France", "region": "Europe" },
    { "code": "CTA", "name": "Sicily", "country": "Italy", "region": "Europe" },
    { "code": "ZNZ", "name": "Zanzibar", "country": "Tanzania", "region": "Africa" },
    { "code": "AMM", "name": "Jordan", "country": "Jordan", "region": "Middle East" },
    { "code": "DBV", "name": "Croatia", "country": "Croatia", "region": "Europe" },
    { "code": "SJO", "name": "Costa Rica", "country": "Costa Rica", "region": "Central America" },
    { "code": "LIM", "name": "Peru", "country": "Peru", "region": "South America" },
    { "code": "AKL", "name": "New Zealand", "country": "New Zealand", "region": "Oceania" }
  ],
  "metadata": {
    "description": "All package holiday destinations derived from top 50 packages — fully synced",
    "lastUpdated": "2026-02-10",
    "totalDestinations": 66
  }
}
